Question Code,Subject,Topic,Group Code,Group Order,Passage Text,Passage Image,Question Text,Question Image,Question Type,Option A Text,Option A Image,Option B Text,Option B Image,Option C Text,Option C Image,Option D Text,Option D Image,Option E Text,Option E Image,Correct Option,Explanation,Mode,Active,Difficulty,Marks,Negative Marks,Ready For Import,Notes
LR-OBJ-001,Logical Reasoning,Truth and Arrangement,,,,,"Saira, Mumtaz and Zeenat have a ball, a pen and a pencil, and each girl has just one object in hand. Among the following statements, only one is true and the other two are false.
I. Saira has a ball.
II. Mumtaz does not have the ball.
III. Zeenat does not have the pen.
Who has the ball?",,single,Saira,,Mumtaz,,Zeenat,,Cannot be determined,,,,B,"If Saira has the ball, statements I and II become true. If Zeenat has the ball, statements II and III become true. Only Mumtaz having the ball makes exactly one statement true.",demo,1,medium,1,0,Yes,
LR-ORDER-056,Logical Reasoning,Ordering and Inequality,,,,,"Albert, David, Jerome and Tommy were plucking mangoes. Their earnings were directly related to the number of mangoes plucked. Jerome got less money than Tommy. Jerome and Tommy together got the same amount as Albert and David together. Albert and Tommy together got less than David and Jerome together. Who earned the most pocket money? Who plucked the least number of mangoes?",,single,"David, Jerome",,"David, Albert",,"Jerome, Tommy",,"Jerome, Albert",,,,B,"Let earnings be A, D, J, T. Given J < T and J + T = A + D. From A + T < D + J and D = J + T - A, we get A < J. Therefore A < J < T and D > T, so David earned most and Albert least.",demo,1,hard,1,0,Yes,
DI-RAIL-061,Logical Reasoning,Data Interpretation,DI-RAILWAY-COST-001,1,"The table/image below shows the estimated cost, in Rs. lakh, of a project for laying a railway line between two places. Keep the same passage/table reference repeated for every sub-question in this set.",assets/question-media/railway-cost-estimate-table.png,The total expenditure is required to be kept within Rs. 700 lakh by cutting the expenditure on administration equally in all the years. What will be the percentage cut for 1989?,,single,22.6,,32.6,,42.5,,52.6,,,,TBD,Fill after checking the railway cost table.,assessment,1,medium,1,0,No,"Grouped DI question. Keep same Group Code for all rows and use Group Order 1, 2, 3... so the group appears together in sequence. Correct option is marked TBD because the source table values were not included in the pasted text."
DI-RAIL-062,Logical Reasoning,Data Interpretation,DI-RAILWAY-COST-001,2,"The table/image below shows the estimated cost, in Rs. lakh, of a project for laying a railway line between two places. Keep the same passage/table reference repeated for every sub-question in this set.",assets/question-media/railway-cost-estimate-table.png,"If the length of the line to be laid each year is proportional to the estimated cost for cement, steel, bricks, building material and labour, what fraction of the total length is proposed to be completed by the third year?",,single,0.9,,0.7,,0.6,,0.3,,,,TBD,Fill after checking the railway cost table.,assessment,1,medium,1,0,No,"Grouped DI question. Keep same Group Code for all rows and use Group Order 1, 2, 3... so the group appears together in sequence. Correct option is marked TBD because the source table values were not included in the pasted text."
DI-RAIL-063,Logical Reasoning,Data Interpretation,DI-RAILWAY-COST-001,3,"The table/image below shows the estimated cost, in Rs. lakh, of a project for laying a railway line between two places. Keep the same passage/table reference repeated for every sub-question in this set.",assets/question-media/railway-cost-estimate-table.png,"What is the approximate ratio of the total cost of materials (cement, steel, bricks, building materials) for all the years to the total labour cost?",,single,4 : 1,,8 : 1,,12 : 1,,16 : 1,,,,TBD,Fill after checking the railway cost table.,assessment,1,medium,1,0,No,"Grouped DI question. Keep same Group Code for all rows and use Group Order 1, 2, 3... so the group appears together in sequence. Correct option is marked TBD because the source table values were not included in the pasted text."
DI-RAIL-064,Logical Reasoning,Data Interpretation,DI-RAILWAY-COST-001,4,"The table/image below shows the estimated cost, in Rs. lakh, of a project for laying a railway line between two places. Keep the same passage/table reference repeated for every sub-question in this set.",assets/question-media/railway-cost-estimate-table.png,"If the cost of materials (cement, steel, bricks, building materials) rises by 5% each year from 1990 onwards, by how much will the estimated cost rise for the years 1990 and 1991?",,single,Rs. 11.45 lakh,,Rs. 16.35 lakh,,Rs. 21.45 lakh,,Rs. 26.45 lakh,,,,TBD,Fill after checking the railway cost table.,assessment,1,medium,1,0,No,"Grouped DI question. Keep same Group Code for all rows and use Group Order 1, 2, 3... so the group appears together in sequence. Correct option is marked TBD because the source table values were not included in the pasted text."
DI-RAIL-065,Logical Reasoning,Data Interpretation,DI-RAILWAY-COST-001,5,"The table/image below shows the estimated cost, in Rs. lakh, of a project for laying a railway line between two places. Keep the same passage/table reference repeated for every sub-question in this set.",assets/question-media/railway-cost-estimate-table.png,"It is found at the end of 1990 that the entire amount estimated for the project has been spent. If for 1991, the actual amount spent was equal to that which was estimated, by what percent (approximately) has the actual expenditure exceeded the estimated expenditure?",,single,39,,29,,19,,9,,,,TBD,Fill after checking the railway cost table.,assessment,1,medium,1,0,No,"Grouped DI question. Keep same Group Code for all rows and use Group Order 1, 2, 3... so the group appears together in sequence. Correct option is marked TBD because the source table values were not included in the pasted text."
DI-RAIL-066,Logical Reasoning,Data Interpretation,DI-RAILWAY-COST-001,6,"The table/image below shows the estimated cost, in Rs. lakh, of a project for laying a railway line between two places. Keep the same passage/table reference repeated for every sub-question in this set.",assets/question-media/railway-cost-estimate-table.png,"After preparing the estimate, the provision for contingencies is felt inadequate and is therefore doubled. By what percent does the total estimate increase?",,single,3.47,,2.45,,1.50,,3.62,,,,TBD,Fill after checking the railway cost table.,assessment,1,medium,1,0,No,"Grouped DI question. Keep same Group Code for all rows and use Group Order 1, 2, 3... so the group appears together in sequence. Correct option is marked TBD because the source table values were not included in the pasted text."
